,,IO,AO,BO,CO,DO,AO2,BO2,CO2,DO2,ROMO,RAMO,JMPO,OI,RAMI,MARI,MPAGEI,AI,BI,CI,DI,PCC,HALT,FIRST,CU VALUE,,,IO,AO,BO,CO,DO,AO2,BO2,CO2,DO2,ROMO,RAMO,JMPO,OI,RAMI,MARI,MPAGEI,AI,BI,CI,DI,PCC,HALT,FIRST,CU VALUE,,UNIQUE VALUES,,ASSEMBLER INST
NOP,NOP-0x0,,,,,,,,,,,,,,,,,,,,,,,0,0,,,,,,,,,,,,,,,,,,,,,,,,,,0,,0,,nop
MOV,MOV-0x1,,x,,,,,,,,,,,,,,,,x,,,,,20002,1C,,,,,,,,,,,,,,,,,,,,,,,,,,0,,10001,,mov a b
MOV,MOV-0x2,,x,,,,,,,,,,,,,,,,,x,,,,40002,2E,,,,,,,,,,,,,,,,,,,,,,,,,,0,,10002,,mov a c
MOV,MOV-0x3,,x,,,,,,,,,,,,,,,,,,x,,,80002,40,,,,,,,,,,,,,,,,,,,,,,,,,,0,,10004,,mov a d
MOV,MOV-0x4,,,x,,,,,,,,,,,,,,x,,,,,,10004,3,,,,,,,,,,,,,,,,,,,,,,,,,,0,,10008,,mov b a
MOV,MOV-0x5,,,x,,,,,,,,,,,,,,,,x,,,,40004,2F,,,,,,,,,,,,,,,,,,,,,,,,,,0,,10010,,mov b c
MOV,MOV-0x6,,,x,,,,,,,,,,,,,,,,,x,,,80004,41,,,,,,,,,,,,,,,,,,,,,,,,,,0,,1002,,mov b d
MOV,MOV-0x7,,,,x,,,,,,,,,,,,,x,,,,,,10008,4,,,,,,,,,,,,,,,,,,,,,,,,,,0,,100200,,mov c a
MOV,MOV-0x8,,,,x,,,,,,,,,,,,,,x,,,,,20008,1E,,,,,,,,,,,,,,,,,,,,,,,,,,0,,10022,,mov c b
MOV,MOV-0x9,,,,x,,,,,,,,,,,,,,,,x,,,80008,42,,,,,,,,,,,,,,,,,,,,,,,,,,0,,1004,,mov c d
MOV,MOV-0xA,,,,,x,,,,,,,,,,,,x,,,,,,10010,5,,,,,,,,,,,,,,,,,,,,,,,,,,0,,10042,,mov d a
MOV,MOV-0xB,,,,,x,,,,,,,,,,,,,x,,,,,20010,1F,,,,,,,,,,,,,,,,,,,,,,,,,,0,,1008,,mov d b
MOV,MOV-0xC,,,,,x,,,,,,,,,,,,,,x,,,,40010,31,,,,,,,,,,,,,,,,,,,,,,,,,,0,,10082,,mov d c
MOV,MOV-0xD,,,,,,,,,,,,,,,,,,,,,,,0,0,,,,,,,,,,,,,,,,,,,,,,,,,,0,,100A00,,
MOV,MOV-0xE,,,,,,,,,,,,,,,,,,,,,,,0,0,,,,,,,,,,,,,,,,,,,,,,,,,,0,,1010,,
MOV,MOV-0xF,,,,,,,,,,,,,,,,,,,,,,,0,0,,,,,,,,,,,,,,,,,,,,,,,,,,0,,10102,,
CMP,CMP-0x10,,x,,,,x,,,,,,,,,,,,,,,,,22,29,,,,,,,,,,,,,,,,,,,,,,,,,,0,,102,,cmp a a
CMP,CMP-0x11,,x,,,,,x,,,,,,,,,,,,,,,,42,3B,,,,,,,,,,,,,,,,,,,,,,,,,,0,,104,,cmp a b
CMP,CMP-0x12,,x,,,,,,x,,,,,,,,,,,,,,,82,4D,,,,,,,,,,,,,,,,,,,,,,,,,,0,,10400,,cmp a c
CMP,CMP-0x13,,x,,,,,,,x,,,,,,,,,,,,,,102,10,,,,,,,,,,,,,,,,,,,,,,,,,,0,,104200,,cmp a d
CMP,CMP-0x14,,,x,,,x,,,,,,,,,,,,,,,,,24,2A,,,,,,,,,,,,,,,,,,,,,,,,,,0,,108,,cmp b a
CMP,CMP-0x15,,,x,,,,x,,,,,,,,,,,,,,,,44,3C,,,,,,,,,,,,,,,,,,,,,,,,,,0,,110,,cmp b b
CMP,CMP-0x16,,,x,,,,,x,,,,,,,,,,,,,,,84,4E,,,,,,,,,,,,,,,,,,,,,,,,,,0,,110200,,cmp b c
CMP,CMP-0x17,,,x,,,,,,x,,,,,,,,,,,,,,104,11,,,,,,,,,,,,,,,,,,,,,,,,,,0,,120200,,cmp b d
CMP,CMP-0x18,,,,x,,x,,,,,,,,,,,,,,,,,28,2B,,,,,,,,,,,,,,,,,,,,,,,,,,0,,140200,,cmp c a
CMP,CMP-0x19,,,,x,,,x,,,,,,,,,,,,,,,,48,3D,,,,,,,,,,,,,,,,,,,,,,,,,,0,,180200,,cmp c b
CMP,CMP-0x1A,,,,x,,,,x,,,,,,,,,,,,,,,88,4F,,,,,,,,,,,,,,,,,,,,,,,,,,0,,200000,,cmp c c
CMP,CMP-0x1B,,,,x,,,,,x,,,,,,,,,,,,,,108,14,,,,,,,,,,,,,,,,,,,,,,,,,,0,,20001,,cmp c d
CMP,CMP-0x1C,,,,,x,x,,,,,,,,,,,,,,,,,30,2C,,,,,,,,,,,,,,,,,,,,,,,,,,0,,20002,,cmp d a
CMP,CMP-0x1D,,,,,x,,x,,,,,,,,,,,,,,,,50,3E,,,,,,,,,,,,,,,,,,,,,,,,,,0,,20004,,cmp d b
CMP,CMP-0x1E,,,,,x,,,x,,,,,,,,,,,,,,,90,50,,,,,,,,,,,,,,,,,,,,,,,,,,0,,20008,,cmp d c
CMP,CMP-0x1F,,,,,x,,,,x,,,,,,,,,,,,,,110,15,,,,,,,,,,,,,,,,,,,,,,,,,,0,,20010,,cmp d d
JMP,JMP-0x20,,,,,,,,,,x,,,,,,,,,,,x,,100200,7,,JMP-0x20,,,,,,,,,,x,,x,,,,,,,,,x,,100A00,D,,2002,,jmp {label}
JMP,JMP-0x21,,,,,,,,,,x,,,,,,,,,,,x,,100200,7,,JMP-0x21,,,,,,,,,,x,,x,,,,,,,,,x,,100A00,D,,20024,,jmp = {label}
JMP,JMP-0x22,,,,,,,,,,x,,,,,,,,,,,x,,100200,7,,JMP-0x22,,,,,,,,,,x,,x,,,,,,,,,x,,100A00,D,,2004,,jmp != {label}
JMP,JMP-0x23,,,,,,,,,,x,,,,,,,,,,,x,,100200,7,,JMP-0x23,,,,,,,,,,x,,x,,,,,,,,,x,,100A00,D,,20044,,jmp <= {label}
JMP,JMP-0x24,,,,,,,,,,x,,,,,,,,,,,x,,100200,7,,JMP-0x24,,,,,,,,,,x,,x,,,,,,,,,x,,100A00,D,,2008,,jmp < {label}
JMP,JMP-0x25,,,,,,,,,,x,,,,,,,,,,,x,,100200,7,,JMP-0x25,,,,,,,,,,x,,x,,,,,,,,,x,,100A00,D,,20084,,jmp > {label}
JMP,JMP-0x26,,,,,,,,,,x,,,,,,,,,,,x,,100200,7,,JMP-0x26,,,,,,,,,,x,,x,,,,,,,,,x,,100A00,D,,2010,,jmp >= {label}
JMP,JMP-0x27,,,,,,,,,,x,,,,,,,,,,,x,,100200,7,,JMP-0x27,,,,,,,,,,x,,x,,,,,,,,,x,,100A00,D,,20104,,jmp .<= {label}
JMP,JMP-0x28,,,,,,,,,,x,,,,,,,,,,,x,,100200,7,,JMP-0x28,,,,,,,,,,x,,x,,,,,,,,,x,,100A00,D,,20400,,jmp .< {label}
JMP,JMP-0x29,,,,,,,,,,x,,,,,,,,,,,x,,100200,7,,JMP-0x29,,,,,,,,,,x,,x,,,,,,,,,x,,100A00,D,,22,,jmp .> {label}
JMP,JMP-0x2A,,,,,,,,,,x,,,,,,,,,,,x,,100200,7,,JMP-0x2A,,,,,,,,,,x,,x,,,,,,,,,x,,100A00,D,,24,,jmp .>= {label}
JMP,JMP-0x2B,,,,,,,,,,,,,,,,,,,,,,,0,0,,JMP-0x2B,,,,,,,,,,,,,,,,,,,,,,,0,0,,28,,
JMP,JMP-0x2C,,,,,,,,,,,,,,,,,,,,,,,0,0,,JMP-0x2C,,,,,,,,,,,,,,,,,,,,,,,0,0,,30,,
JMP,JMP-0x2D,,,,,,,,,,,,,,,,,,,,,,,0,0,,JMP-0x2D,,,,,,,,,,,,,,,,,,,,,,,0,0,,40001,,
JMP,JMP-0x2E,,,,,,,,,,,,,,,,,,,,,,,0,0,,JMP-0x2E,,,,,,,,,,,,,,,,,,,,,,,0,0,,40002,,
JMP,JMP-0x2F,,,,,,,,,,,,,,,,,,,,,,,0,0,,JMP-0x2F,,,,,,,,,,,,,,,,,,,,,,,0,0,,40004,,
JMP,JMP-0x30,,,,,,,,,,x,,,,,,,,,,,x,,100200,7,,JMP-0x30,,,,,,,,,,x,,x,,,,,,,,,x,,100A00,D,,40008,,jmpr {number}
JMP,JMP-0x31,,,,,,,,,,x,,,,,,,,,,,x,,100200,7,,JMP-0x31,,,,,,,,,,x,,x,,,,,,,,,x,,100A00,D,,40010,,jmpr = {number}
JMP,JMP-0x32,,,,,,,,,,x,,,,,,,,,,,x,,100200,7,,JMP-0x32,,,,,,,,,,x,,x,,,,,,,,,x,,100A00,D,,4002,,jmpr != {number}
JMP,JMP-0x33,,,,,,,,,,x,,,,,,,,,,,x,,100200,7,,JMP-0x33,,,,,,,,,,x,,x,,,,,,,,,x,,100A00,D,,40028,,jmpr < {number}
JMP,JMP-0x34,,,,,,,,,,x,,,,,,,,,,,x,,100200,7,,JMP-0x34,,,,,,,,,,x,,x,,,,,,,,,x,,100A00,D,,4004,,jmpr <= {number}
JMP,JMP-0x35,,,,,,,,,,x,,,,,,,,,,,x,,100200,7,,JMP-0x35,,,,,,,,,,x,,x,,,,,,,,,x,,100A00,D,,40048,,jmpr > {number}
JMP,JMP-0x36,,,,,,,,,,x,,,,,,,,,,,x,,100200,7,,JMP-0x36,,,,,,,,,,x,,x,,,,,,,,,x,,100A00,D,,4008,,jmpr >= {number}
JMP,JMP-0x37,,,,,,,,,,x,,,,,,,,,,,x,,100200,7,,JMP-0x37,,,,,,,,,,x,,x,,,,,,,,,x,,100A00,D,,40088,,jmpr .< {number}
JMP,JMP-0x38,,,,,,,,,,x,,,,,,,,,,,x,,100200,7,,JMP-0x38,,,,,,,,,,x,,x,,,,,,,,,x,,100A00,D,,4010,,jmpr .<= {number}
JMP,JMP-0x39,,,,,,,,,,x,,,,,,,,,,,x,,100200,7,,JMP-0x39,,,,,,,,,,x,,x,,,,,,,,,x,,100A00,D,,40108,,jmpr .> {number}
JMP,JMP-0x3A,,,,,,,,,,x,,,,,,,,,,,x,,100200,7,,JMP-0x3A,,,,,,,,,,x,,x,,,,,,,,,x,,100A00,D,,40400,,jmpr .>= {number}
JMP,JMP-0x3B,,,,,,,,,,,,,,,,,,,,,,,0,0,,JMP-0x3B,,,,,,,,,,,,,,,,,,,,,,,0,0,,42,,
JMP,JMP-0x3C,,,,,,,,,,,,,,,,,,,,,,,0,0,,JMP-0x3C,,,,,,,,,,,,,,,,,,,,,,,0,0,,44,,
JMP,JMP-0x3D,,,,,,,,,,,,,,,,,,,,,,,0,0,,JMP-0x3D,,,,,,,,,,,,,,,,,,,,,,,0,0,,48,,
JMP,JMP-0x3E,,,,,,,,,,,,,,,,,,,,,,,0,0,,JMP-0x3E,,,,,,,,,,,,,,,,,,,,,,,0,0,,50,,
JMP,JMP-0x3F,,,,,,,,,,,,,,,,,,,,,,,0,0,,JMP-0x3F,,,,,,,,,,,,,,,,,,,,,,,0,0,,80001,,
OPP,OPP-0x40,,,,,,,,,,,,,,,,,,,,,,,0,0,,,,,,,,,,,,,,,,,,,,,,,,,,0,,80002,,opp clr
OPP,OPP-0x41,,,,,,,,,,,,,,,,,,,,,,,0,0,,,,,,,,,,,,,,,,,,,,,,,,,,0,,80004,,opp cmp off
OPP,OPP-0x42,,,,,,,,,,,,,,,,,,,,,,,0,0,,,,,,,,,,,,,,,,,,,,,,,,,,0,,80008,,opp cmp on
OPP,OPP-0x43,,,,,,,,,,,,,,,,,,,,,,,0,0,,,,,,,,,,,,,,,,,,,,,,,,,,0,,80010,,opp sign off
OPP,OPP-0x44,,,,,,,,,,,,,,,,,,,,,,,0,0,,,,,,,,,,,,,,,,,,,,,,,,,,0,,8002,,opp sign on
OPP,OPP-0x45,,x,,,,,,,,,,,,,,,x,,,,,,10002,2,,,,,,,,,,,,,,,,,,,,,,,,,,0,,80030,,opp 0
OPP,OPP-0x46,,x,,,,,,,,,,,,,,,x,,,,,,10002,2,,,,,,,,,,,,,,,,,,,,,,,,,,0,,8004,,opp 1
OPP,OPP-0x47,,x,,,,,,,,,,,,,,,x,,,,,,10002,2,,,,,,,,,,,,,,,,,,,,,,,,,,0,,80050,,opp -1
OPP,OPP-0x48,,x,,,,,,,,,,,,,,,x,,,,,,10002,2,,,,,,,,,,,,,,,,,,,,,,,,,,0,,8008,,opp a
OPP,OPP-0x49,,,x,,,,,,,,,,,,,,,x,,,,,20004,1D,,,,,,,,,,,,,,,,,,,,,,,,,,0,,80090,,opp b
OPP,OPP-0x4A,,,,x,,,,,,,,,,,,,,,x,,,,40008,30,,,,,,,,,,,,,,,,,,,,,,,,,,0,,8010,,opp c
OPP,OPP-0x4B,,,,,x,,,,,,,,,,,,,,,x,,,80010,43,,,,,,,,,,,,,,,,,,,,,,,,,,0,,80110,,opp d
OPP,OPP-0x4C,,x,,,,,,,,,,,,,,,x,,,,,,10002,2,,,,,,,,,,,,,,,,,,,,,,,,,,0,,80400,,opp ~a
OPP,OPP-0x4D,,,x,,,,,,,,,,,,,,,x,,,,,20004,1D,,,,,,,,,,,,,,,,,,,,,,,,,,0,,82,,opp ~b
OPP,OPP-0x4E,,,,x,,,,,,,,,,,,,,,x,,,,40008,30,,,,,,,,,,,,,,,,,,,,,,,,,,0,,84,,opp ~c
OPP,OPP-0x4F,,,,,x,,,,,,,,,,,,,,,x,,,80010,43,,,,,,,,,,,,,,,,,,,,,,,,,,0,,88,,opp ~d
OPP,OPP-0x50,,x,,,,,,,,,,,,,,,x,,,,,,10002,2,,,,,,,,,,,,,,,,,,,,,,,,,,0,,90,,opp -a
OPP,OPP-0x51,,,x,,,,,,,,,,,,,,,x,,,,,20004,1D,,,,,,,,,,,,,,,,,,,,,,,,,,0,,,,opp -b
OPP,OPP-0x52,,,,x,,,,,,,,,,,,,,,x,,,,40008,30,,,,,,,,,,,,,,,,,,,,,,,,,,0,,,,opp -c
OPP,OPP-0x53,,,,,x,,,,,,,,,,,,,,,x,,,80010,43,,,,,,,,,,,,,,,,,,,,,,,,,,0,,,,opp -d
OPP,OPP-0x54,,x,,,,,,,,,,,,,,,x,,,,,,10002,2,,,,,,,,,,,,,,,,,,,,,,,,,,0,,,,opp a+1
OPP,OPP-0x55,,,x,,,,,,,,,,,,,,,x,,,,,20004,1D,,,,,,,,,,,,,,,,,,,,,,,,,,0,,,,opp b+1
OPP,OPP-0x56,,,,x,,,,,,,,,,,,,,,x,,,,40008,30,,,,,,,,,,,,,,,,,,,,,,,,,,0,,,,opp c+1
OPP,OPP-0x57,,,,,x,,,,,,,,,,,,,,,x,,,80010,43,,,,,,,,,,,,,,,,,,,,,,,,,,0,,,,opp d+1
OPP,OPP-0x58,,x,,,,,,,,,,,,,,,x,,,,,,10002,2,,,,,,,,,,,,,,,,,,,,,,,,,,0,,,,opp a-1
OPP,OPP-0x59,,,x,,,,,,,,,,,,,,,x,,,,,20004,1D,,,,,,,,,,,,,,,,,,,,,,,,,,0,,,,opp b-1
OPP,OPP-0x5A,,,,x,,,,,,,,,,,,,,,x,,,,40008,30,,,,,,,,,,,,,,,,,,,,,,,,,,0,,,,opp c-1
OPP,OPP-0x5B,,,,,x,,,,,,,,,,,,,,,x,,,80010,43,,,,,,,,,,,,,,,,,,,,,,,,,,0,,,,opp d-1
OPP,OPP-0x5C,,x,,,,,x,,,,,,,,,,x,,,,,,10042,A,,,,,,,,,,,,,,,,,,,,,,,,,,0,,,,opp a+b
OPP,OPP-0x5D,,x,,,,,,x,,,,,,,,,x,,,,,,10082,C,,,,,,,,,,,,,,,,,,,,,,,,,,0,,,,opp a+c
OPP,OPP-0x5E,,x,,,,,,,x,,,,,,,,x,,,,,,10102,F,,,,,,,,,,,,,,,,,,,,,,,,,,0,,,,opp a+d
OPP,OPP-0x5F,,,x,,,x,,,,,,,,,,,,x,,,,,20024,21,,,,,,,,,,,,,,,,,,,,,,,,,,0,,,,opp b+a
OPP,OPP-0x60,,,x,,,,,x,,,,,,,,,,x,,,,,20084,25,,,,,,,,,,,,,,,,,,,,,,,,,,0,,,,opp b+c
OPP,OPP-0x61,,,x,,,,,,x,,,,,,,,,x,,,,,20104,27,,,,,,,,,,,,,,,,,,,,,,,,,,0,,,,opp b+d
OPP,OPP-0x62,,,,x,,x,,,,,,,,,,,,,x,,,,40028,33,,,,,,,,,,,,,,,,,,,,,,,,,,0,,,,opp c+a
OPP,OPP-0x63,,,,x,,,x,,,,,,,,,,,,x,,,,40048,35,,,,,,,,,,,,,,,,,,,,,,,,,,0,,,,opp c+b
OPP,OPP-0x64,,,,x,,,,,x,,,,,,,,,,x,,,,40108,39,,,,,,,,,,,,,,,,,,,,,,,,,,0,,,,opp c+d
OPP,OPP-0x65,,,,,x,x,,,,,,,,,,,,,,x,,,80030,45,,,,,,,,,,,,,,,,,,,,,,,,,,0,,,,opp d+a
OPP,OPP-0x66,,,,,x,,x,,,,,,,,,,,,,x,,,80050,47,,,,,,,,,,,,,,,,,,,,,,,,,,0,,,,opp d+b
OPP,OPP-0x67,,,,,x,,,x,,,,,,,,,,,,x,,,80090,49,,,,,,,,,,,,,,,,,,,,,,,,,,0,,,,opp d+c
OPP,OPP-0x68,,x,,,,,x,,,,,,,,,,x,,,,,,10042,A,,,,,,,,,,,,,,,,,,,,,,,,,,0,,,,opp a-b
OPP,OPP-0x69,,x,,,,,,x,,,,,,,,,x,,,,,,10082,C,,,,,,,,,,,,,,,,,,,,,,,,,,0,,,,opp a-c
OPP,OPP-0x6A,,x,,,,,,,x,,,,,,,,x,,,,,,10102,F,,,,,,,,,,,,,,,,,,,,,,,,,,0,,,,opp a-d
OPP,OPP-0x6B,,,x,,,x,,,,,,,,,,,,x,,,,,20024,21,,,,,,,,,,,,,,,,,,,,,,,,,,0,,,,opp b-a
OPP,OPP-0x6C,,,x,,,,,x,,,,,,,,,,x,,,,,20084,25,,,,,,,,,,,,,,,,,,,,,,,,,,0,,,,opp b-c
OPP,OPP-0x6D,,,x,,,,,,x,,,,,,,,,x,,,,,20104,27,,,,,,,,,,,,,,,,,,,,,,,,,,0,,,,opp b-d
OPP,OPP-0x6E,,,,x,,x,,,,,,,,,,,,,x,,,,40028,33,,,,,,,,,,,,,,,,,,,,,,,,,,0,,,,opp c-a
OPP,OPP-0x6F,,,,x,,,x,,,,,,,,,,,,x,,,,40048,35,,,,,,,,,,,,,,,,,,,,,,,,,,0,,,,opp c-b
OPP,OPP-0x70,,,,x,,,,,x,,,,,,,,,,x,,,,40108,39,,,,,,,,,,,,,,,,,,,,,,,,,,0,,,,opp c-d
OPP,OPP-0x71,,,,,x,x,,,,,,,,,,,,,,x,,,80030,45,,,,,,,,,,,,,,,,,,,,,,,,,,0,,,,opp d-a
OPP,OPP-0x72,,,,,x,,x,,,,,,,,,,,,,x,,,80050,47,,,,,,,,,,,,,,,,,,,,,,,,,,0,,,,opp d-b
OPP,OPP-0x73,,,,,x,,,x,,,,,,,,,,,,x,,,80090,49,,,,,,,,,,,,,,,,,,,,,,,,,,0,,,,opp d-c
OPP,OPP-0x74,,x,,,,x,,,,,,,,,,,x,,,,,,10022,8,,,,,,,,,,,,,,,,,,,,,,,,,,0,,,,opp a*a
OPP,OPP-0x75,,x,,,,,x,,,,,,,,,,x,,,,,,10042,A,,,,,,,,,,,,,,,,,,,,,,,,,,0,,,,opp a*b
OPP,OPP-0x76,,x,,,,,,x,,,,,,,,,x,,,,,,10082,C,,,,,,,,,,,,,,,,,,,,,,,,,,0,,,,opp a*c
OPP,OPP-0x77,,x,,,,,,,x,,,,,,,,x,,,,,,10102,F,,,,,,,,,,,,,,,,,,,,,,,,,,0,,,,opp a*d
OPP,OPP-0x78,,,x,,,x,,,,,,,,,,,,x,,,,,20024,21,,,,,,,,,,,,,,,,,,,,,,,,,,0,,,,opp b*a
OPP,OPP-0x79,,,x,,,,x,,,,,,,,,,,x,,,,,20044,23,,,,,,,,,,,,,,,,,,,,,,,,,,0,,,,opp b*b
OPP,OPP-0x7A,,,x,,,,,x,,,,,,,,,,x,,,,,20084,25,,,,,,,,,,,,,,,,,,,,,,,,,,0,,,,opp b*c
OPP,OPP-0x7B,,,x,,,,,,x,,,,,,,,,x,,,,,20104,27,,,,,,,,,,,,,,,,,,,,,,,,,,0,,,,opp b*d
OPP,OPP-0x7C,,,,x,,x,,,,,,,,,,,,,x,,,,40028,33,,,,,,,,,,,,,,,,,,,,,,,,,,0,,,,opp c*a
OPP,OPP-0x7D,,,,x,,,x,,,,,,,,,,,,x,,,,40048,35,,,,,,,,,,,,,,,,,,,,,,,,,,0,,,,opp c*b
OPP,OPP-0x7E,,,,x,,,,x,,,,,,,,,,,x,,,,40088,37,,,,,,,,,,,,,,,,,,,,,,,,,,0,,,,opp c*c
OPP,OPP-0x7F,,,,x,,,,,x,,,,,,,,,,x,,,,40108,39,,,,,,,,,,,,,,,,,,,,,,,,,,0,,,,opp c*d
OPP,OPP-0x80,,,,,x,x,,,,,,,,,,,,,,x,,,80030,45,,,,,,,,,,,,,,,,,,,,,,,,,,0,,,,opp d*a
OPP,OPP-0x81,,,,,x,,x,,,,,,,,,,,,,x,,,80050,47,,,,,,,,,,,,,,,,,,,,,,,,,,0,,,,opp d*b
OPP,OPP-0x82,,,,,x,,,x,,,,,,,,,,,,x,,,80090,49,,,,,,,,,,,,,,,,,,,,,,,,,,0,,,,opp d*c
OPP,OPP-0x83,,,,,x,,,,x,,,,,,,,,,,x,,,80110,4B,,,,,,,,,,,,,,,,,,,,,,,,,,0,,,,opp d*d
OPP,OPP-0x84,,x,,,,x,,,,,,,,,,,x,,,,,,10022,8,,,,,,,,,,,,,,,,,,,,,,,,,,0,,,,opp a.*a
OPP,OPP-0x85,,x,,,,,x,,,,,,,,,,x,,,,,,10042,A,,,,,,,,,,,,,,,,,,,,,,,,,,0,,,,opp a.*b
OPP,OPP-0x86,,x,,,,,,x,,,,,,,,,x,,,,,,10082,C,,,,,,,,,,,,,,,,,,,,,,,,,,0,,,,opp a.*c
OPP,OPP-0x87,,x,,,,,,,x,,,,,,,,x,,,,,,10102,F,,,,,,,,,,,,,,,,,,,,,,,,,,0,,,,opp a.*d
OPP,OPP-0x88,,,x,,,x,,,,,,,,,,,,x,,,,,20024,21,,,,,,,,,,,,,,,,,,,,,,,,,,0,,,,opp b.*a
OPP,OPP-0x89,,,x,,,,x,,,,,,,,,,,x,,,,,20044,23,,,,,,,,,,,,,,,,,,,,,,,,,,0,,,,opp b.*b
OPP,OPP-0x8A,,,x,,,,,x,,,,,,,,,,x,,,,,20084,25,,,,,,,,,,,,,,,,,,,,,,,,,,0,,,,opp b.*c
OPP,OPP-0x8B,,,x,,,,,,x,,,,,,,,,x,,,,,20104,27,,,,,,,,,,,,,,,,,,,,,,,,,,0,,,,opp b.*d
OPP,OPP-0x8C,,,,x,,x,,,,,,,,,,,,,x,,,,40028,33,,,,,,,,,,,,,,,,,,,,,,,,,,0,,,,opp c.*a
OPP,OPP-0x8D,,,,x,,,x,,,,,,,,,,,,x,,,,40048,35,,,,,,,,,,,,,,,,,,,,,,,,,,0,,,,opp c.*b
OPP,OPP-0x8E,,,,x,,,,x,,,,,,,,,,,x,,,,40088,37,,,,,,,,,,,,,,,,,,,,,,,,,,0,,,,opp c.*c
OPP,OPP-0x8F,,,,x,,,,,x,,,,,,,,,,x,,,,40108,39,,,,,,,,,,,,,,,,,,,,,,,,,,0,,,,opp c.*d
OPP,OPP-0x90,,,,,x,x,,,,,,,,,,,,,,x,,,80030,45,,,,,,,,,,,,,,,,,,,,,,,,,,0,,,,opp d.*a
OPP,OPP-0x91,,,,,x,,x,,,,,,,,,,,,,x,,,80050,47,,,,,,,,,,,,,,,,,,,,,,,,,,0,,,,opp d.*b
OPP,OPP-0x92,,,,,x,,,x,,,,,,,,,,,,x,,,80090,49,,,,,,,,,,,,,,,,,,,,,,,,,,0,,,,opp d.*c
OPP,OPP-0x93,,,,,x,,,,x,,,,,,,,,,,x,,,80110,4B,,,,,,,,,,,,,,,,,,,,,,,,,,0,,,,opp d.*d
OPP,OPP-0x94,,x,,,,,x,,,,,,,,,,x,,,,,,10042,A,,,,,,,,,,,,,,,,,,,,,,,,,,0,,,,opp a//b
OPP,OPP-0x95,,x,,,,,,x,,,,,,,,,x,,,,,,10082,C,,,,,,,,,,,,,,,,,,,,,,,,,,0,,,,opp a//c
OPP,OPP-0x96,,x,,,,,,,x,,,,,,,,x,,,,,,10102,F,,,,,,,,,,,,,,,,,,,,,,,,,,0,,,,opp a//d
OPP,OPP-0x97,,,x,,,x,,,,,,,,,,,,x,,,,,20024,21,,,,,,,,,,,,,,,,,,,,,,,,,,0,,,,opp b//a
OPP,OPP-0x98,,,x,,,,,x,,,,,,,,,,x,,,,,20084,25,,,,,,,,,,,,,,,,,,,,,,,,,,0,,,,opp b//c
OPP,OPP-0x99,,,x,,,,,,x,,,,,,,,,x,,,,,20104,27,,,,,,,,,,,,,,,,,,,,,,,,,,0,,,,opp b//d
OPP,OPP-0x9A,,,,x,,x,,,,,,,,,,,,,x,,,,40028,33,,,,,,,,,,,,,,,,,,,,,,,,,,0,,,,opp c//a
OPP,OPP-0x9B,,,,x,,,x,,,,,,,,,,,,x,,,,40048,35,,,,,,,,,,,,,,,,,,,,,,,,,,0,,,,opp c//b
OPP,OPP-0x9C,,,,x,,,,,x,,,,,,,,,,x,,,,40108,39,,,,,,,,,,,,,,,,,,,,,,,,,,0,,,,opp c//d
OPP,OPP-0x9D,,,,,x,x,,,,,,,,,,,,,,x,,,80030,45,,,,,,,,,,,,,,,,,,,,,,,,,,0,,,,opp d//a
OPP,OPP-0x9E,,,,,x,,x,,,,,,,,,,,,,x,,,80050,47,,,,,,,,,,,,,,,,,,,,,,,,,,0,,,,opp d//b
OPP,OPP-0x9F,,,,,x,,,x,,,,,,,,,,,,x,,,80090,49,,,,,,,,,,,,,,,,,,,,,,,,,,0,,,,opp d//c
OPP,OPP-0xA0,,x,,,,,x,,,,,,,,,,x,,,,,,10042,A,,,,,,,,,,,,,,,,,,,,,,,,,,0,,,,opp a&b
OPP,OPP-0xA1,,x,,,,,,x,,,,,,,,,x,,,,,,10082,C,,,,,,,,,,,,,,,,,,,,,,,,,,0,,,,opp a&c
OPP,OPP-0xA2,,x,,,,,,,x,,,,,,,,x,,,,,,10102,F,,,,,,,,,,,,,,,,,,,,,,,,,,0,,,,opp a&d
OPP,OPP-0xA3,,,x,,,,,x,,,,,,,,,,x,,,,,20084,25,,,,,,,,,,,,,,,,,,,,,,,,,,0,,,,opp b&c
OPP,OPP-0xA4,,,x,,,,,,x,,,,,,,,,x,,,,,20104,27,,,,,,,,,,,,,,,,,,,,,,,,,,0,,,,opp b&d
OPP,OPP-0xA5,,,,x,,,,,x,,,,,,,,,,x,,,,40108,39,,,,,,,,,,,,,,,,,,,,,,,,,,0,,,,opp c&d
OPP,OPP-0xA6,,x,,,,,x,,,,,,,,,,x,,,,,,10042,A,,,,,,,,,,,,,,,,,,,,,,,,,,0,,,,opp a|b
OPP,OPP-0xA7,,x,,,,,,x,,,,,,,,,x,,,,,,10082,C,,,,,,,,,,,,,,,,,,,,,,,,,,0,,,,opp a|c
OPP,OPP-0xA8,,x,,,,,,,x,,,,,,,,x,,,,,,10102,F,,,,,,,,,,,,,,,,,,,,,,,,,,0,,,,opp a|d
OPP,OPP-0xA9,,,x,,,,,x,,,,,,,,,,x,,,,,20084,25,,,,,,,,,,,,,,,,,,,,,,,,,,0,,,,opp b|c
OPP,OPP-0xAA,,,x,,,,,,x,,,,,,,,,x,,,,,20104,27,,,,,,,,,,,,,,,,,,,,,,,,,,0,,,,opp b|d
OPP,OPP-0xAB,,,,x,,,,,x,,,,,,,,,,x,,,,40108,39,,,,,,,,,,,,,,,,,,,,,,,,,,0,,,,opp c|d
OPP,OPP-0xAC,,,,,,,,,,,,,,,,,,,,,,,0,0,,,,,,,,,,,,,,,,,,,,,,,,,,0,,,,
OPP,OPP-0xAD,,,,,,,,,,,,,,,,,,,,,,,0,0,,,,,,,,,,,,,,,,,,,,,,,,,,0,,,,
OPP,OPP-0xAE,,,,,,,,,,,,,,,,,,,,,,,0,0,,,,,,,,,,,,,,,,,,,,,,,,,,0,,,,
OPP,OPP-0xAF,,,,,,,,,,,,,,,,,,,,,,,0,0,,,,,,,,,,,,,,,,,,,,,,,,,,0,,,,
LOAD,LOAD-0xB0,,x,,,,,,,,,,,,,x,,,,,,,,4002,32,,LOAD-0xB0,,,,,,,,,,,x,,,,,,x,,,,,,10400,12,,,,load ram[a] a
LOAD,LOAD-0xB1,,x,,,,,,,,,,,,,x,,,,,,,,4002,32,,LOAD-0xB1,,,,,,,,,,,x,,,,,,,x,,,,,20400,28,,,,load ram[a] b
LOAD,LOAD-0xB2,,x,,,,,,,,,,,,,x,,,,,,,,4002,32,,LOAD-0xB2,,,,,,,,,,,x,,,,,,,,x,,,,40400,3A,,,,load ram[a] c
LOAD,LOAD-0xB3,,x,,,,,,,,,,,,,x,,,,,,,,4002,32,,LOAD-0xB3,,,,,,,,,,,x,,,,,,,,,x,,,80400,4C,,,,load ram[a] d
LOAD,LOAD-0xB4,,,x,,,,,,,,,,,,x,,,,,,,,4004,34,,LOAD-0xB4,,,,,,,,,,,x,,,,,,x,,,,,,10400,12,,,,load ram[b] a
LOAD,LOAD-0xB5,,,x,,,,,,,,,,,,x,,,,,,,,4004,34,,LOAD-0xB5,,,,,,,,,,,x,,,,,,,x,,,,,20400,28,,,,load ram[b] b
LOAD,LOAD-0xB6,,,x,,,,,,,,,,,,x,,,,,,,,4004,34,,LOAD-0xB6,,,,,,,,,,,x,,,,,,,,x,,,,40400,3A,,,,load ram[b] c
LOAD,LOAD-0xB7,,,x,,,,,,,,,,,,x,,,,,,,,4004,34,,LOAD-0xB7,,,,,,,,,,,x,,,,,,,,,x,,,80400,4C,,,,load ram[b] d
LOAD,LOAD-0xB8,,,,x,,,,,,,,,,,x,,,,,,,,4008,36,,LOAD-0xB8,,,,,,,,,,,x,,,,,,x,,,,,,10400,12,,,,load ram[c] a
LOAD,LOAD-0xB9,,,,x,,,,,,,,,,,x,,,,,,,,4008,36,,LOAD-0xB9,,,,,,,,,,,x,,,,,,,x,,,,,20400,28,,,,load ram[c] b
LOAD,LOAD-0xBA,,,,x,,,,,,,,,,,x,,,,,,,,4008,36,,LOAD-0xBA,,,,,,,,,,,x,,,,,,,,x,,,,40400,3A,,,,load ram[c] c
LOAD,LOAD-0xBB,,,,x,,,,,,,,,,,x,,,,,,,,4008,36,,LOAD-0xBB,,,,,,,,,,,x,,,,,,,,,x,,,80400,4C,,,,load ram[c] d
LOAD,LOAD-0xBC,,,,,x,,,,,,,,,,x,,,,,,,,4010,38,,LOAD-0xBC,,,,,,,,,,,x,,,,,,x,,,,,,10400,12,,,,load ram[d] a
LOAD,LOAD-0xBD,,,,,x,,,,,,,,,,x,,,,,,,,4010,38,,LOAD-0xBD,,,,,,,,,,,x,,,,,,,x,,,,,20400,28,,,,load ram[d] b
LOAD,LOAD-0xBE,,,,,x,,,,,,,,,,x,,,,,,,,4010,38,,LOAD-0xBE,,,,,,,,,,,x,,,,,,,,x,,,,40400,3A,,,,load ram[d] c
LOAD,LOAD-0xBF,,,,,x,,,,,,,,,,x,,,,,,,,4010,38,,LOAD-0xBF,,,,,,,,,,,x,,,,,,,,,x,,,80400,4C,,,,load ram[d] d
LOAD,LOAD-0xC0,,,,,,,,,,x,,,,,,,x,,,,x,,110200,16,,LOAD-0xC0,,,,,,,,,,,,,,,,,,,,,,,0,0,,,,load rom a {number}
LOAD,LOAD-0xC1,,,,,,,,,,x,,,,,,,,x,,,x,,120200,17,,LOAD-0xC1,,,,,,,,,,,,,,,,,,,,,,,0,0,,,,load rom b {number}
LOAD,LOAD-0xC2,,,,,,,,,,x,,,,,,,,,x,,x,,140200,18,,LOAD-0xC2,,,,,,,,,,,,,,,,,,,,,,,0,0,,,,load rom c {number}
LOAD,LOAD-0xC3,,,,,,,,,,x,,,,,,,,,,x,x,,180200,19,,LOAD-0xC3,,,,,,,,,,,,,,,,,,,,,,,0,0,,,,load rom d {number}
LOAD,LOAD-0xC4,,,,,,,,,,x,,,,,x,,,,,,x,,104200,13,,LOAD-0xC4,,,,,,,,,,,x,,,,,,x,,,,,,10400,12,,,,load ram[{number}] a
LOAD,LOAD-0xC5,,,,,,,,,,x,,,,,x,,,,,,x,,104200,13,,LOAD-0xC5,,,,,,,,,,,x,,,,,,,x,,,,,20400,28,,,,load ram[{number}] b
LOAD,LOAD-0xC6,,,,,,,,,,x,,,,,x,,,,,,x,,104200,13,,LOAD-0xC6,,,,,,,,,,,x,,,,,,,,x,,,,40400,3A,,,,load ram[{number}] c
LOAD,LOAD-0xC7,,,,,,,,,,x,,,,,x,,,,,,x,,104200,13,,LOAD-0xC7,,,,,,,,,,,x,,,,,,,,,x,,,80400,4C,,,,load ram[{number}] d
LOAD,LOAD-0xC8,,x,,,,,,,,,,,,,,x,,,,,,,8002,44,,LOAD-0xC8,,,,,,,,,,,,,,,,,,,,,,,0,0,,,,set a rampage
LOAD,LOAD-0xC9,,,x,,,,,,,,,,,,,x,,,,,,,8004,46,,LOAD-0xC9,,,,,,,,,,,,,,,,,,,,,,,0,0,,,,set b rampage
LOAD,LOAD-0xCA,,,,x,,,,,,,,,,,,x,,,,,,,8008,48,,LOAD-0xCA,,,,,,,,,,,,,,,,,,,,,,,0,0,,,,set c rampage
LOAD,LOAD-0xCB,,,,,x,,,,,,,,,,,x,,,,,,,8010,4A,,LOAD-0xCB,,,,,,,,,,,,,,,,,,,,,,,0,0,,,,set d rampage
LOAD,LOAD-0xCC,,,,,,,,,,,,,,,,,,,,,,,0,0,,LOAD-0xCC,,,,,,,,,,,,,,,,,,,,,,,0,0,,,,
LOAD,LOAD-0xCD,,,,,,,,,,,,,,,,,,,,,,,0,0,,LOAD-0xCD,,,,,,,,,,,,,,,,,,,,,,,0,0,,,,
LOAD,LOAD-0xCE,,,,,,,,,,,,,,,,,,,,,,,0,0,,LOAD-0xCE,,,,,,,,,,,,,,,,,,,,,,,0,0,,,,
LOAD,LOAD-0xCF,,,,,,,,,,,,,,,,,,,,,,,0,0,,LOAD-0xCF,,,,,,,,,,,,,,,,,,,,,,,0,0,,,,
SAVE,SAVE-0xD0,,x,,,,,,,,,,,,,x,,,,,,,,4002,32,,SAVE-0xD0,,,,,,,,,,,,,,,,,,,,,,,0,0,,,,save a mar
SAVE,SAVE-0xD1,,,x,,,,,,,,,,,,x,,,,,,,,4004,34,,SAVE-0xD1,,,,,,,,,,,,,,,,,,,,,,,0,0,,,,save b mar
SAVE,SAVE-0xD2,,,,x,,,,,,,,,,,x,,,,,,,,4008,36,,SAVE-0xD2,,,,,,,,,,,,,,,,,,,,,,,0,0,,,,save c mar
SAVE,SAVE-0xD3,,,,,x,,,,,,,,,,x,,,,,,,,4010,38,,SAVE-0xD3,,,,,,,,,,,,,,,,,,,,,,,0,0,,,,save d mar
SAVE,SAVE-0xD4,,x,,,,,,,,,,,,x,,,,,,,,,2002,20,,SAVE-0xD4,,,,,,,,,,,,,,,,,,,,,,,0,0,,,,save a ram[current]
SAVE,SAVE-0xD5,,,x,,,,,,,,,,,x,,,,,,,,,2004,22,,SAVE-0xD5,,,,,,,,,,,,,,,,,,,,,,,0,0,,,,save b ram[current]
SAVE,SAVE-0xD6,,,,x,,,,,,,,,,x,,,,,,,,,2008,24,,SAVE-0xD6,,,,,,,,,,,,,,,,,,,,,,,0,0,,,,save c ram[current]
SAVE,SAVE-0xD7,,,,,x,,,,,,,,,x,,,,,,,,,2010,26,,SAVE-0xD7,,,,,,,,,,,,,,,,,,,,,,,0,0,,,,save d ram[current]
SAVE,SAVE-0xD8,,x,,,,,,,,,,,,,x,,,,,,,,4002,32,,SAVE-0xD8,,x,,,,,,,,,,,,x,,,,,,,,,2002,20,,,,save a ram[a]
SAVE,SAVE-0xD9,,,x,,,,,,,,,,,,x,,,,,,,,4004,34,,SAVE-0xD9,,,x,,,,,,,,,,,x,,,,,,,,,2004,22,,,,save b ram[c]
SAVE,SAVE-0xDA,,,,x,,,,,,,,,,,x,,,,,,,,4008,36,,SAVE-0xDA,,,,x,,,,,,,,,,x,,,,,,,,,2008,24,,,,save c ram[d]
SAVE,SAVE-0xDB,,,,,x,,,,,,,,,,x,,,,,,,,4010,38,,SAVE-0xDB,,,,,x,,,,,,,,,x,,,,,,,,,2010,26,,,,save d ram[d]
SAVE,SAVE-0xDC,,,,,,,,,,x,,,,,x,,,,,,x,,104200,13,,SAVE-0xDC,,x,,,,,,,,,,,,x,,,,,,,,,2002,20,,,,save a ram[{number}]
SAVE,SAVE-0xDD,,,,,,,,,,x,,,,,x,,,,,,x,,104200,13,,SAVE-0xDD,,,x,,,,,,,,,,,x,,,,,,,,,2004,22,,,,save b ram[{number}]
SAVE,SAVE-0xDE,,,,,,,,,,x,,,,,x,,,,,,x,,104200,13,,SAVE-0xDE,,,,x,,,,,,,,,,x,,,,,,,,,2008,24,,,,save c ram[{number}]
SAVE,SAVE-0xDF,,,,,,,,,,x,,,,,x,,,,,,x,,104200,13,,SAVE-0xDF,,,,,x,,,,,,,,,x,,,,,,,,,2010,26,,,,save d ram[{number}]
IN,IN-0xE0,x,,,,,,,,,,,,,,,,x,,,,,,10001,1,,,,,,,,,,,,,,,,,,,,,,,,,,0,,,,in a
IN,IN-0xE1,x,,,,,,,,,,,,,,,,,x,,,,,20001,1B,,,,,,,,,,,,,,,,,,,,,,,,,,0,,,,in b
IN,IN-0xE2,x,,,,,,,,,,,,,,,,,,x,,,,40001,2D,,,,,,,,,,,,,,,,,,,,,,,,,,0,,,,in c
IN,IN-0xE3,x,,,,,,,,,,,,,,,,,,,x,,,80001,3F,,,,,,,,,,,,,,,,,,,,,,,,,,0,,,,in d
IN,IN-0xE4,,,,,,,,,,,,,,,,,,,,,,,0,0,,,,,,,,,,,,,,,,,,,,,,,,,,0,,,,
IN,IN-0xE5,,,,,,,,,,,,,,,,,,,,,,,0,0,,,,,,,,,,,,,,,,,,,,,,,,,,0,,,,
IN,IN-0xE6,,,,,,,,,,,,,,,,,,,,,,,0,0,,,,,,,,,,,,,,,,,,,,,,,,,,0,,,,
IN,IN-0xE7,,,,,,,,,,,,,,,,,,,,,,,0,0,,,,,,,,,,,,,,,,,,,,,,,,,,0,,,,
IN,IN-0xE8,,,,,,,,,,,,,,,,,,,,,,,0,0,,,,,,,,,,,,,,,,,,,,,,,,,,0,,,,
IN,IN-0xE9,,,,,,,,,,,,,,,,,,,,,,,0,0,,,,,,,,,,,,,,,,,,,,,,,,,,0,,,,
IN,IN-0xEA,,,,,,,,,,,,,,,,,,,,,,,0,0,,,,,,,,,,,,,,,,,,,,,,,,,,0,,,,
IN,IN-0xEB,,,,,,,,,,,,,,,,,,,,,,,0,0,,,,,,,,,,,,,,,,,,,,,,,,,,0,,,,
IN,IN-0xEC,,,,,,,,,,,,,,,,,,,,,,,0,0,,,,,,,,,,,,,,,,,,,,,,,,,,0,,,,
IN,IN-0xED,,,,,,,,,,,,,,,,,,,,,,,0,0,,,,,,,,,,,,,,,,,,,,,,,,,,0,,,,
IN,IN-0xEE,,,,,,,,,,,,,,,,,,,,,,,0,0,,,,,,,,,,,,,,,,,,,,,,,,,,0,,,,
IN,IN-0xEF,,,,,,,,,,,,,,,,,,,,,,,0,0,,,,,,,,,,,,,,,,,,,,,,,,,,0,,,,
OUT,OUT-0xF0,,x,,,,,,,,,,,x,,,,,,,,,,1002,6,,,,,,,,,,,,,,,,,,,,,,,,,,0,,,,out a
OUT,OUT-0xF1,,,x,,,,,,,,,,x,,,,,,,,,,1004,9,,,,,,,,,,,,,,,,,,,,,,,,,,0,,,,out b
OUT,OUT-0xF2,,,,x,,,,,,,,,x,,,,,,,,,,1008,B,,,,,,,,,,,,,,,,,,,,,,,,,,0,,,,out c
OUT,OUT-0xF3,,,,,x,,,,,,,,x,,,,,,,,,,1010,E,,,,,,,,,,,,,,,,,,,,,,,,,,0,,,,out d
OUT,OUT-0xF4,,,,,,,,,,,,,,,,,,,,,,,0,0,,,,,,,,,,,,,,,,,,,,,,,,,,0,,,,
OUT,OUT-0xF5,,,,,,,,,,,,,,,,,,,,,,,0,0,,,,,,,,,,,,,,,,,,,,,,,,,,0,,,,
OUT,OUT-0xF6,,,,,,,,,,,,,,,,,,,,,,,0,0,,,,,,,,,,,,,,,,,,,,,,,,,,0,,,,
OUT,OUT-0xF7,,,,,,,,,,,,,,,,,,,,,,,0,0,,,,,,,,,,,,,,,,,,,,,,,,,,0,,,,
OUT,OUT-0xF8,,,,,,,,,,,,,,,,,,,,,,,0,0,,,,,,,,,,,,,,,,,,,,,,,,,,0,,,,
OUT,OUT-0xF9,,,,,,,,,,,,,,,,,,,,,,,0,0,,,,,,,,,,,,,,,,,,,,,,,,,,0,,,,
OUT,OUT-0xFA,,,,,,,,,,,,,,,,,,,,,,,0,0,,,,,,,,,,,,,,,,,,,,,,,,,,0,,,,
OUT,OUT-0xFB,,,,,,,,,,,,,,,,,,,,,,,0,0,,,,,,,,,,,,,,,,,,,,,,,,,,0,,,,
OUT,OUT-0xFC,,,,,,,,,,,,,,,,,,,,,,,0,0,,,,,,,,,,,,,,,,,,,,,,,,,,0,,,,
OUT,OUT-0xFD,,,,,,,,,,,,,,,,,,,,,,,0,0,,,,,,,,,,,,,,,,,,,,,,,,,,0,,,,
OUT,OUT-0xFE,,,,,,,,,,,,,,,,,,,,,,,0,0,,,,,,,,,,,,,,,,,,,,,,,,,,0,,,,
HALT,HALT-0xFF,,,,,,,,,,,,,,,,,,,,,,x,200000,1A,,,,,,,,,,,,,,,,,,,,,,,,,,0,,,,pause